sta_id,name_ja,name_en
Abiko,我孫子,Abiko
AdachiOdai,足立小台,Adachi-odai
Ageo,上尾,Ageo
Aihara,相原,Aihara
Ajiki,安食,Ajiki
Ajiro,網代,Ajiro
Akabane,赤羽,Akabane
Akabanebashi,赤羽橋,Akabanebashi
AkabaneIwabuchi,赤羽岩淵,Akabane-iwabuchi
AkadoShogakkomae,赤土小学校前,Akado-shogakkomae
Akasaka,赤坂,Akasaka
AkasakaMitsuke,赤坂見附,Akasaka-mitsuke
Akatsuka,赤塚,Akatsuka
Akebonobashi,曙橋,Akebonobashi
Akigawa,秋川,Akigawa
Akihabara,秋葉原,Akihabara
Akishima,昭島,Akishima
AnamoriInari,穴守稲荷,Anamori-inari
Anegasaki,姉ケ崎,Anegasaki
Anjinzuka,安針塚,Anjinzuka
Anzen,安善,Anzen
Aohori,青堀,Aohori
Aoi,青井,Aoi
AomonoYokocho,青物横丁,Aomono-yokochō
Aoto,青砥,Aoto
AoyamaItchome,青山一丁目,Aoyama-itchome
ArakawaItchumae,荒川一中前,Arakawa-itchumae
Arakawakuyakushomae,荒川区役所前,Arakawa-kuyakushomae
ArakawaNanachome,荒川七丁目,Arakawa-nanachome
ArakawaNichome,荒川二丁目,Arakawa-nichome
Arakawaoki,荒川沖,Arakawaoki
ArakawaShakomae,荒川車庫前,Arakawa-shakomae
ArakawaYuenchimae,荒川遊園地前,Arakawa-yuenchimae
Araki,新木,Araki
Asagaya,阿佐ケ谷,Asagaya
Asahi,旭,Asahi
Asakusa,浅草,Asakusa
Asakusabashi,浅草橋,Asakusabashi
Asano,浅野,Asano
Asukayama,飛鳥山,Asukayama
Atami,熱海,Atami
Atsugi,厚木,Atsugi
AwaAmatsu,安房天津,Awa-Amatsu
Awajicho,淡路町,Awajicho
AwaKamogawa,安房鴨川,Awa-Kamogawa
AwaKatsuyama,安房勝山,Awa-Katsuyama
AwaKominato,安房小湊,Awa-Kominato
Ayase,綾瀬,Ayase
AzabuJuban,麻布十番,Azabu-juban
Azamino,あざみ野,Azamino
Bakurocho,馬喰町,Bakurocho
BakuroYokoyama,馬喰横山,Bakuro-yokoyama
BampakuKinenKoen,万博記念公園,Bampaku-kinenkōen
Banda,番田,Banda
Bandobashi,阪東橋,Bandobashi
BarakiNakayama,原木中山,Baraki-nakayama
Bentembashi,弁天橋,Bentembashi
Bubaigawara,分倍河原,Bubaigawara
Byobugaura,屏風浦,Byōbugaura
CenterKita,センター北,Center Kita
CenterMinami,センター南,Center Minami
Chiba,千葉,Chiba
Chibaminato,千葉みなと,Chibaminato
Chigasaki,茅ケ崎,Chigasaki
ChikatetsuAkatsuka,地下鉄赤塚,Chikatetsu-akatsuka
ChikatetsuNarimasu,地下鉄成増,Chikatetsu-narimasu
Chikura,千倉,Chikura
Chitose,千歳,Chitose
Chofu,調布,Chōfu
Chojamachi,長者町,Chojamachi
Choshi,銚子,Choshi
ChuoDaigakuMeiseiDaigaku,中央大学・明星大学,Chuo-Daigaku-Meisei-Daigaku
ChuoRinkan,中央林間,Chūō-Rinkan
Daimon,大門,Daimon
Daishibashi,大師橋,Daishibashi
Ebina,海老名,Ebina
Ebisu,恵比寿,Ebisu
Edogawabashi,江戸川橋,Edogawabashi
Emi,江見,Emi
Enokido,榎戸,Enokido
Etchujima,越中島,Etchujima
Fuchinobe,淵野辺,Fuchinobe
Fuchuhommachi,府中本町,Fuchuhommachi
Fujisawa,藤沢,Fujisawa
Fujishiro,藤代,Fujishiro
Fukaya,深谷,Fukaya
Fukiage,吹上,Fukiage
Fukutawara,福俵,Fukutawara
Funabashi,船橋,Funabashi
Funabashihoten,船橋法典,Funabashihoten
Funabori,船堀,Funabori
Fusa,布佐,Fusa
Fussa,福生,Fussa
Futaba,双葉,Futaba
Futamatagawa,二俣川,Futamatagawa
Futamatao,二俣尾,Futamatao
Futamatashimmachi,二俣新町,Futamatashimmachi
Futomi,太海,Futomi
Gaiemmae,外苑前,Gaiemmae
Gakushuinshita,学習院下,Gakushuinshita
Ginza,銀座,Ginza
GinzaItchome,銀座一丁目,Ginza-itchome
Gion,祇園,Gion
Goi,五井,Goi
Gokokuji,護国寺,Gokokuji
Gotanda,五反田,Gotanda
GummaFujioka,群馬藤岡,Gumma-Fujioka
Gumyo,求名,Gumyo
Gumyoji,弘明寺,Gumyōji
Gyoda,行田,Gyoda
Gyotoku,行徳,Gyotoku
Hachioji,八王子,Hachioji
Hachiojiminamino,八王子みなみ野,Hachiojiminamino
Haijima,拝島,Haijima
Hakonegasaki,箱根ケ崎,Hakonegasaki
HakoneYumoto,箱根湯本,Haokne-Yumoto
Hakusan,白山,Hakusan
Hamacho,浜町,Hamacho
HamaKanaya,浜金谷,Hama-Kanaya
HamaKawasaki,浜川崎,Hama-Kawasaki
Hamamatsucho,浜松町,Hamamatsucho
Hamano,浜野,Hamano
Hamayoshida,浜吉田,Hamayoshida
Hamura,羽村,Hamura
HanedaAirportTerminal1,羽田空港第1ターミナル,Haneda Airport Terminal 1
HanedaAirportTerminal1and2,羽田空港第1・2ターミナル,Haneda Airport Terminal 1·2
HanedaAirportTerminal2,羽田空港第2ターミナル,Haneda Airport Terminal 2
HanedaAirportTerminal3,羽田空港第3ターミナル,Haneda Airport Terminal 3
Hanno,飯能,Hannō
Hanzomon,半蔵門,Hanzomon
Harajuku,原宿,Harajuku
Haranomachi,原ノ町,Haranomachi
Harataima,原当麻,Harataima
Hashimoto,橋本,Hashimoto
Hasuda,蓮田,Hasuda
Hasune,蓮根,Hasune
Hatchobori,八丁堀,Hatchobori
Hatchonawate,八丁畷,Hatchō-nawate
Hatogaya,鳩ヶ谷,Hatogaya
Hatonosu,鳩ノ巣,Hatonosu
Hatori,羽鳥,Hatori
Hayakawa,早川,Hayakawa
HazawaYokohamaKokudai,羽沢横浜国大,Hazawa-Yokohama-Kokudai
Heiwadai,平和台,Heiwadai
Heiwajima,平和島,Heiwajima
Hemi,逸見,Hemi
Hibiya,日比谷,Hibiya
HigashiAbiko,東我孫子,Higashi-Abiko
HigashiAkiru,東秋留,Higashi-Akiru
HigashiChiba,東千葉,Higashi-Chiba
HigashiFunabashi,東船橋,Higashi-Funabashi
HigashiFussa,東福生,Higashi-Fussa
HigashiGinza,東銀座,Higashi-ginza
HigashiHanno,東飯能,Higashi-Hanno
HigashiIkebukuro,東池袋,Higashi-ikebukuro
HigashiIkebukuroYonchome,東池袋四丁目,Higashi-ikebukuro-yonchome
HigashiJujo,東十条,Higashi-Jujo
HigashiKanagawa,東神奈川,Higashi-Kanagawa
HigashiKawaguchi,東川口,Higashi-Kawaguchi
HigashiKiyokawa,東清川,Higashi-Kiyokawa
HigashiKoenji,東高円寺,Higashi-koenji
HigashiKoganei,東小金井,Higashi-Koganei
HigashiMatsudo,東松戸,Higashi-Matsudo
Higashimonzen,東門前,Higashimonzen
HigashiNakagami,東中神,Higashi-Nakagami
HigashiNakano,東中野,Higashi-nakano
HigashiNihombashi,東日本橋,Higashi-nihombashi
HigashiOguSanchome,東尾久三丁目,Higashi-ogu-sanchome
HigashiOjima,東大島,Higashi-ojima
HigashiOme,東青梅,Higashi-Ome
HigashiOmiya,東大宮,Higashi-Omiya
HigashiShinjuku,東新宿,Higashi-shinjuku
HigashiTokorozawa,東所沢,Higashi-Tokorozawa
HigashiTotsuka,東戸塚,Higashi-Totsuka
HigashiUrawa,東浦和,Higashi-Urawa
HigashiWashinomiya,東鷲宮,Higashi-Washinomiya
HigashiYamata,東山田,Higashi-Yamata
HigashiYokota,東横田,Higashi-Yokota
HigashiZushi,東逗子,Higashi-Zushi
Higata,干潟,Higata
Hikarigaoka,光が丘,Hikarigaoka
Hikawadai,氷川台,Hikawadai
Hinatawada,日向和田,Hinatawada
Hino,日野,Hino
Hinodecho,日ノ出町,Hinodechō
Hirai,平井,Hirai
Hirama,平間,Hirama
Hiranumabashi,平沼橋,Hiranumabashi
Hiratsuka,平塚,Hiratsuka
Hirayama,平山,Hirayama
Hirono,広野,Hirono
HiroO,広尾,Hiro-o
Hisanohama,久ノ浜,Hisanohama
Hitachi,日立,Hitachi
Hitachinoushiku,ひたち野うしく,Hitachinoushiku
HitachiTaga,常陸多賀,Hitachi-Taga
Hiyoshi,日吉,Hiyoshi
HiyoshiHoncho,日吉本町,Hiyoshi-Honcho
Hodogaya,保土ケ谷,Hodogaya
Hodokubo,程久保,Hodokubo
Honancho,方南町,Honancho
HonAtsugi,本厚木,Hon-Atsugi
HonChiba,本千葉,Hon-Chiba
Honda,誉田,Honda
Hongodai,本郷台,Hongodai
HongoSanchome,本郷三丁目,Hongo-sanchome
Honjo,本庄,Honjo
HonjoAzumabashi,本所吾妻橋,Honjo-azumabashi
HonKomagome,本駒込,Hon-komagome
Honno,本納,Honno
Horinouchi,堀ノ内,Horinouchi
Hoshakuji,宝積寺,Hoshakuji
Hoshikawa,星川,Hoshikawa
Hota,保田,Hota
Hoya,保谷,Hōya
Hyuga,日向,Hyuga
Ichigaya,市ケ谷,Ichigaya
Ichikawa,市川,Ichikawa
Ichikawaono,市川大野,Ichikawaono
Ichikawashiohama,市川塩浜,Ichikawashiohama
Ichinoe,一之江,Ichinoe
Idogaya,井土ヶ谷,Idogaya
Iidabashi,飯田橋,Iidabashi
Iigura,飯倉,Iigura
Iioka,飯岡,Iioka
Ikebukuro,池袋,Ikebukuro
Ikusabata,軍畑,Ikusabata
ImbaNihonIdai,印旛日本医大,Inba-Nihon-Idai
Inadazutsumi,稲田堤,Inadazutsumi
Inage,稲毛,Inage
Inagekaigan,稲毛海岸,Inagekaigan
Inaginaganuma,稲城長沼,Inaginaganuma
Inaricho,稲荷町,Inaricho
InzaiMakinohara,印西牧の原,Inzai-Makinohara
Iriya,入谷,Iriya
Isehara,伊勢原,Isehara
IsezakiChojamachi,伊勢佐木長者町,Isezaki-Chojamachi
Ishibashi,石橋,Ishibashi
Ishigamimae,石神前,Ishigamimae
Ishikawacho,石川町,Ishikawacho
Ishioka,石岡,Ishioka
Isogo,磯子,Isogo
Isohara,磯原,Isohara
Itabashi,板橋,Itabashi
Itabashihoncho,板橋本町,Itabashihoncho
ItabashiKuyakushomae,板橋区役所前,Itabashi-kuyakushomae
Itako,潮来,Itako
Ito,伊東,Ito
Iwai,岩井,Iwai
Iwaki,いわき,Iwaki
IwakiOta,磐城太田,Iwaki-Ota
Iwama,岩間,Iwama
Iwamotocho,岩本町,Iwamotocho
Iwane,巌根,Iwane
Iwanuma,岩沼,Iwanuma
Izukogen,伊豆高原,Izu-Kōgen
IzukyuShimoda,伊豆急下田,Izukyū-Shimoda
Izumi,泉,Izumi
IzumiChuo,いずみ中央,Izumi-Chuo
Izumino,いずみ野,Izumino
IzumiTaiikukan,泉体育館,Izumi-Taiikukan
Izumoshi,出雲市,Izumoshi
IzuTaga,伊豆多賀,Izu-Taga
Jichiidai,自治医大,Jichiidai
Jimbocho,神保町,Jimbocho
Jimbohara,神保原,Jimbohara
Jimmuji,神武寺,Jimmuji
Jujo,十条,Jujo
Junikyo,十二橋,Junikyo
Juo,十王,Juo
JVillage,Ｊヴィレッジ,J-Village
Kabe,河辺,Kabe
Kachidoki,勝どき,Kachidoki
Kadosawabashi,門沢橋,Kadosawabashi
Kagawa,香川,Kagawa
Kagetsusojiji,花月総持寺,Kagetsusojiji
Kagohara,籠原,Kagohara
Kagurazaka,神楽坂,Kagurazaka
Kaihimmakuhari,海浜幕張,Kaihimmakuhari
Kairakuen,偕楽園,Kairakuen
Kajiwara,梶原,Kajiwara
Kamakura,鎌倉,Kamakura
Kamasusaka,蒲須坂,Kamasusaka
Kamata,蒲田,Kamata
Kamatori,鎌取,Kamatori
Kameari,亀有,Kameari
Kameido,亀戸,Kameido
KamiHoshikawa,上星川,Kami-Hoshikawa
Kamikitadai,上北台,Kamikitadai
Kamimizo,上溝,Kamimizo
Kaminagaya,上永谷,Kaminagaya
KamiNakazato,上中里,Kami-Nakazato
Kamiooka,上大岡,Kamiōoka
Kamiyacho,神谷町,Kamiyacho
Kamoi,鴨居,Kamoi
Kamonomiya,鴨宮,Kamonomiya
Kanagawa,神奈川,Kanagawa
KanagawaShimmachi,神奈川新町,Kanagawa-shimmachi
Kanamachi,金町,Kanamachi
Kanamecho,要町,Kanamecho
KanazawaBunko,金沢文庫,Kanazawa-bunko
KanazawaHakkei,金沢八景,Kanazawa-hakkei
Kanda,神田,Kanda
Kandatsu,神立,Kandatsu
Kaneko,金子,Kaneko
Kannai,関内,Kannai
Karakida,唐木田,Karakida
Kasahata,笠幡,Kasahata
Kasai,葛西,Kasai
Kasairinkaikoen,葛西臨海公園,Kasairinkaikoen
Kashima,鹿島,Kashima
Kashimada,鹿島田,Kashimada
Kashimajingu,鹿島神宮,Kashimajingu
KashimaSoccerStadium,鹿島サッカースタジアム,Kashima Soccer Stadium
Kashiwa,柏,Kashiwa
Kashiwadai,かしわ台,Kashiwadai
KashiwanohaCampus,柏の葉キャンパス,Kashiwanoha-campus
KashiwaTanaka,柏たなか,Kashiwa-Tanaka
Kasuga,春日,Kasuga
Kasumigaseki,霞ケ関,Kasumigaseki
Katakura,片倉,Katakura
Katakuracho,片倉町,Katakuracho
Kataoka,片岡,Kataoka
Katori,香取,Katori
Katsuta,勝田,Katsuta
Katsuura,勝浦,Katsuura
Kawagoe,川越,Kawagoe
Kawagoeshi,川越市,Kawagoeshi
Kawaguchi,川口,Kawaguchi
Kawaguchiko,河口湖,Kawaguchiko
Kawai,川井,Kawai
Kawasaki,川崎,Kawasaki
Kawasakidaishi,川崎大師,Kawasakidaishi
Kawasakishimmachi,川崎新町,Kawasakishimmachi
Kawawacho,川和町,Kawawacho
Kayabacho,茅場町,Kayabacho
KazusaIchinomiya,上総一ノ宮,Kazusa-Ichinomiya
KazusaKameyama,上総亀山,Kazusa-Kameyama
KazusaKiyokawa,上総清川,Kazusa-Kiyokawa
KazusaMatsuoka,上総松丘,Kazusa-Matsuoka
KazusaMinato,上総湊,Kazusa-Minato
KazusaOkitsu,上総興津,Kazusa-Okitsu
KeikyuHigashikanagawa,京急東神奈川,Keikyū Higashi-kanagawa
KeikyuKamata,京急蒲田,Keikyū Kamata
KeikyuKawasaki,京急川崎,Keikyū Kawasaki
KeikyuKurihama,京急久里浜,Keikyū Kurihama
KeikyuNagasawa,京急長沢,Keikyū Nagasawa
KeikyuOtsu,京急大津,Keikyū Ōtsu
KeikyuShinkoyasu,京急新子安,Keikyū Shinkoyasu
KeikyuTaura,京急田浦,Keikyū Taura
KeikyuTomioka,京急富岡,Keikyū Tomioka
KeikyuTsurumi,京急鶴見,Keikyū Tsurumi
KeioTamaCenter,京王多摩センター,Keiō-Tama-Center
KeiseiNarita,京成成田,Keisei-Narita
KeiseiSakura,京成佐倉,Keisei-Sakura
KeiseiTakasago,京成高砂,Keisei-Takasago
Kemigawahama,検見川浜,Kemigawahama
KenkyuGakuen,研究学園,Kenkyū-gakuen
Kenritsudaigaku,県立大学,Kenritsudaigaku
Kiba,木場,Kiba
Kibogaoka,希望ヶ丘,Kibogaoka
Kichijoji,吉祥寺,Kichijoji
Kido,木戸,Kido
Kikukawa,菊川,Kikukawa
Kikuna,菊名,Kikuna
Kimitsu,君津,Kimitsu
Kinomiya,来宮,Kinomiya
Kinshicho,錦糸町,Kinshicho
Kinugasa,衣笠,Kinugasa
KinugawaOnsen,鬼怒川温泉,Kinugawa-Onsen
Kioroshi,木下,Kioroshi
Kisarazu,木更津,Kisarazu
Kishibojimmae,鬼子母神前,Kishibojinmae
KishineKoen,岸根公園,Kishine-Koen
KitaAgeo,北上尾,Kita-Ageo
KitaAkabane,北赤羽,Kita-Akabane
KitaAsaka,北朝霞,Kita-Asaka
KitaAyase,北綾瀬,Kita-ayase
KitaChigasaki,北茅ケ崎,Kita-Chigasaki
KitaFuchu,北府中,Kita-Fuchu
KitaFujioka,北藤岡,Kita-Fujioka
KitaHachioji,北八王子,Kita-Hachioji
KitaKamakura,北鎌倉,Kita-Kamakura
KitaKashiwa,北柏,Kita-Kashiwa
KitaKasukabe,北春日部,Kita-Kasukabe
KitaKogane,北小金,Kita-Kogane
KitaKonosu,北鴻巣,Kita-Konosu
KitaKoshigaya,北越谷,Kita-Koshigaya
Kitakurihama,北久里浜,Kitakurihama
KitaMatsudo,北松戸,Kita-Matsudo
Kitamoto,北本,Kitamoto
KitaSando,北参道,Kita-sando
KitaSenju,北千住,Kita-senju
Kitashinagawa,北品川,Kitashinagawa
KitaShinYokohama,北新横浜,Kita-Shin-Yokohama
KitaToda,北戸田,Kita-Toda
KitaUrawa,北浦和,Kita-Urawa
KitaYamata,北山田,Kita-Yamata
KitaYono,北与野,Kita-Yono
Kiyose,清瀬,Kiyose
KiyosumiShirakawa,清澄白河,Kiyosumi-shirakawa
Kobayashi,小林,Kobayashi
Kobuchi,古淵,Kobuchi
Kodama,児玉,Kodama
Kodemmacho,小伝馬町,Kodemmacho
Koenji,高円寺,Koenji
Koga,古河,Koga
Koganecho,黄金町,Koganechō
Koganei,小金井,Koganei
Kohoku,湖北,Kohoku
Koiwa,小岩,Koiwa
Kojimachi,麴町,Kojimachi
Kojimashinden,小島新田,Kojimashinden
Kojiya,糀谷,Kojiya
KokkaiGijidomae,国会議事堂前,Kokkai-gijidomae
Kokonoe,九重,Kokonoe
Kokubunji,国分寺,Kokubunji
Kokudo,国道,Kokudo
KokuritsuKyogijo,国立競技場,Kokuritsu-kyogijo
KokusaiTenjijo,国際展示場,Kokusai-tenjijo
Komagamine,駒ケ嶺,Komagamine
Komagawa,高麗川,Komagawa
Komagome,駒込,Komagome
Komiya,小宮,Komiya
KonanChuo,港南中央,Konan-Chuo
Konandai,港南台,Konandai
Konosu,鴻巣,Konosu
Korakuen,後楽園,Korakuen
Kori,古里,Kori
KoshigayaLaketown,越谷レイクタウン,Koshigaya Laketown
Koshinzuka,庚申塚,Koshinzuka
Koshukaido,甲州街道,Koshukaido
KotakeMukaihara,小竹向原,Kotake-mukaihara
Kotesashi,小手指,Kotesashi
Koya,高野,Koya
Koyasu,子安,Koyasu
Kozu,国府津,Kozu
Kozukue,小机,Kozukue
Kudanshita,九段下,Kudanshita
Kuji,久地,Kuji
Kuki,久喜,Kuki
Kumagawa,熊川,Kumagawa
Kumagaya,熊谷,Kumagaya
Kumanomae,熊野前,Kumanomae
Kunitachi,国立,Kunitachi
Kuragano,倉賀野,Kuragano
Kurahashi,倉橋,Kurahashi
Kuramae,蔵前,Kuramae
Kurami,倉見,Kurami
Kurihama,久里浜,Kurihama
Kurihashi,栗橋,Kurihashi
Kuroiso,黒磯,Kuroiso
Kururi,久留里,Kururi
Kusano,草野,Kusano
Kuzumi,久住,Kuzumi
Kyobashi,京橋,Kyobashi
Mabashi,馬橋,Mabashi
Maborikaigan,馬堀海岸,Maborikaigan
Machida,町田,Machida
Machiya,町屋,Machiya
MachiyaEkimae,町屋駅前,Machiya-ekimae
MachiyaNichome,町屋二丁目,Machiya-nichome
Maebashi,前橋,Maebashi
Magome,馬込,Magome
Maihama,舞浜,Maihama
Maioka,舞岡,Maioka
Maita,蒔田,Maita
Makuhari,幕張,Makuhari
Makuharihongo,幕張本郷,Makuharihongo
Makuta,馬来田,Makuta
Mamada,間々田,Mamada
Manazuru,真鶴,Manazuru
Manganji,万願寺,Manganji
Matoba,的場,Matoba
Matsudo,松戸,Matsudo
Matsugaya,松が谷,Matsugaya
Matsugishi,松岸,Matsugishi
Matsuhisa,松久,Matsuhisa
Matsuo,松尾,Matsuo
Meguro,目黒,Meguro
MeijiJingumae,明治神宮前〈原宿〉,Meiji-jingumae<Harajuku>
Mejiro,目白,Mejiro
Midorino,みどりの,Midorino
Mikado,三門,Mikado
Mikawashima,三河島,Mikawashima
MinamiAsagaya,南阿佐ケ谷,Minami-asagaya
MinamiFunabashi,南船橋,Minami-Funabashi
MinamiFuruya,南古谷,Minami-Furuya
MinamiGyotoku,南行徳,Minami-gyotoku
Minamihara,南三原,Minamihara
MinamiHashimoto,南橋本,Minami-Hashimoto
MinamiKashiwa,南柏,Minami-Kashiwa
MinamiKoshigaya,南越谷,Minami-Koshigaya
MinamiKurihashi,南栗橋,Minami-Kurihashi
MinamiMakigahara,南万騎が原,Minami-Makigahara
MinamiNagareyama,南流山,Minami-Nagareyama
MinamiNakago,南中郷,Minami-Nakago
Minamiota,南太田,Minamiōta
MinamiSendai,南仙台,MinamiSendai
MinamiSenju,南千住,Minami-senju
MinamiShisui,南酒々井,Minami-Shisui
MinamiSunamachi,南砂町,Minami-sunamachi
MinamiTama,南多摩,Minami-Tama
MinamiUrawa,南浦和,Minami-Urawa
MinamiYono,南与野,Minami-Yono
Minatocho,港町,Minatochō
Minowa,三ノ輪,Minowa
Minowabashi,三ノ輪橋,Minowabashi
MinumadaiShinsuikoen,見沼代親水公園,Minumadai-shinsuikoen
Miraidaira,みらい平,Miraidaira
Misakiguchi,三崎口,Misakiguchi
Misato,三郷,Misato
MisatoChuo,三郷中央,Misato-chūō
Mita,三田,Mita
Mitaka,三鷹,Mitaka
Mitake,御嶽,Mitake
Mito,水戸,Mito
Mitsukoshimae,三越前,Mitsukoshimae
Mitsukyo,三ツ境,Mitsukyo
MitsuzawaKamicho,三ツ沢上町,Mitsuzawa-Kamicho
MitsuzawaShimocho,三ツ沢下町,Mitsuzawa-Shimocho
Miurakaigan,三浦海岸,Miurakaigan
Miyahara,宮原,Miyahara
Miyanohira,宮ノ平,Miyanohira
Miyanomae,宮ノ前,Miyanomae
Miyayama,宮山,Miyayama
Mizue,瑞江,Mizue
Mobara,茂原,Mobara
Momouchi,桃内,Momouchi
Monoi,物井,Monoi
MonorailHamamatsucho,モノレール浜松町,Monorail Hamamatsuchō
MonzenNakacho,門前仲町,Monzen-nakacho
Morishita,森下,Morishita
Moriya,守谷,Moriya
Moro,毛呂,Moro
Motohasunuma,本蓮沼,Motohasunuma
MotomachiChukagai,元町・中華街,Motomachi-Chukagai
Motosumiyoshi,元住吉,Motosumiyoshi
MotoYawata,本八幡,Moto-Yawata
Motoyawata,本八幡,Motoyawata
Mukaigawara,向河原,Mukaigawara
MukogaokaYuen,向ヶ丘遊園,Mūkogaoka-Yūen
Mukohara,向原,Mukohara
MusashiHikida,武蔵引田,Musashi-Hikida
MusashiItsukaichi,武蔵五日市,Musashi-Itsukaichi
MusashiKoganei,武蔵小金井,Musashi-Koganei
MusashiKosugi,武蔵小杉,Musashi-Kosugi
MusashiMasuko,武蔵増戸,Musashi-Masuko
MusashiMizonokuchi,武蔵溝ノ口,Musashi-Mizonokuchi
MusashiNakahara,武蔵中原,Musashi-Nakahara
MusashiSakai,武蔵境,Musashi-Sakai
MusashiShinjo,武蔵新城,Musashi-Shinjo
MusashiShiraishi,武蔵白石,Musashi-Shiraishi
MusashiTakahagi,武蔵高萩,Musashi-Takahagi
MusashiUrawa,武蔵浦和,Musashi-Urawa
Mutsuura,六浦,Mutsuura
Myoden,妙典,Myoden
Myogadani,茗荷谷,Myogadani
Myokaku,明覚,Myokaku
Nagamachi,長町,Nagamachi
Naganoharakusatsuguchi,長野原草津口,Naganohara-Kusatsuguchi
NagareyamaCentralPark,流山セントラルパーク,Nagareyama-centralpark
NagareyamaOtakanomori,流山おおたかの森,Nagareyama-ōtakanomori
Nagata,永田,Nagata
Nagatacho,永田町,Nagatacho
Nagatsuta,長津田,Nagatsuta
Nagaura,長浦,Nagaura
Nakada,中田,Nakada
Nakagami,中神,Nakagami
Nakagawa,中川,Nakagawa
Nakai,中井,Nakai
Nakamachidai,仲町台,Nakamachidai
NakaMeguro,中目黒,Naka-meguro
Nakano,中野,Nakano
Nakanobu,中延,Nakanobu
NakanoFujimicho,中野富士見町,Nakano-fujimicho
NakanoSakaue,中野坂上,Nakano-sakaue
Nakanoshima,中野島,Nakanoshima
NakanoShimbashi,中野新橋,Nakano-Shimbashi
NakaOkachimachi,仲御徒町,Naka-okachimachi
NakaUrawa,中浦和,Naka-Urawa
Nakayama,中山,Nakayama
Nakofunakata,那古船形,Nakofunakata
Nakoso,勿来,Nakoso
Namamugi,生麦,Namamugi
Namegawa,滑河,Namegawa
NamegawaIsland,行川アイランド,Namegawa Island
Namie,浪江,Namie
Namihana,浪花,Namihana
Narita,成田,Narita
NaritaAirportTerminal1,成田空港,Narita Airport Terminal 1
NaritaAirportTerminal2and3,空港第２ビル,Narita Airport Terminal 2 and 3
Naruse,成瀬,Naruse
Naruto,成東,Naruto
Nasushiobara,那須塩原,Nasushiobara
Natori,名取,Natori
Nebukawa,根府川,Nebukawa
Negishi,根岸,Negishi
Nerima,練馬,Nerima
NerimaKasugacho,練馬春日町,Nerima-kasugacho
Nezu,根津,Nezu
Nihombashi,日本橋,Nihombashi
Nihonbashi,Nihonbashi,Nihonbashi
Niiza,新座,Niiza
Nijubashimae,二重橋前〈丸の内〉,Nijubashimae<Marunouchi>
Nikko,日光,Nikkō
Ningyocho,人形町,Ningyocho
Ninomiya,二宮,Ninomiya
Nippa,新羽,Nippa
Nippori,日暮里,Nippori
NishiaraidaishiNishi,西新井大師西,Nishiaraidaishi-nishi
NishiChiba,西千葉,Nishi-Chiba
Nishidai,西台,Nishidai
Nishifu,西府,Nishifu
NishiFunabashi,西船橋,Nishi-funabashi
Nishigahara,西ケ原,Nishigahara
NishigaharaYonchome,西ヶ原四丁目,Nishigahara-yonchome
NishiHachioji,西八王子,Nishi-Hachioji
NishiKasai,西葛西,Nishi-kasai
NishiKawagoe,西川越,Nishi-Kawagoe
NishiKawaguchi,西川口,Nishi-Kawaguchi
NishiKokubunji,西国分寺,Nishi-Kokubunji
NishiKunitachi,西国立,Nishi-Kunitachi
NishiMagome,西馬込,Nishi-magome
NishiNasuno,西那須野,Nishi-Nasuno
NishiNippori,西日暮里,Nishi-nippori
NishiOgikubo,西荻窪,Nishi-Ogikubo
NishiOi,西大井,Nishi-Oi
NishiOjima,西大島,Nishi-ojima
NishiOmiya,西大宮,Nishi-Omiya
NishiShinjuku,西新宿,Nishi-shinjuku
NishiShinjukuGochome,西新宿五丁目,Nishi-shinjuku-gochome
NishiSugamo,西巣鴨,Nishi-sugamo
NishiTachikawa,西立川,Nishi-Tachikawa
NishiTakashimadaira,西高島平,Nishi-takashimadaira
NishiUrawa,西浦和,Nishi-Urawa
NishiWaseda,西早稲田,Nishi-waseda
Nishiya,西谷,Nishiya
NishiYokohama,西横浜,Nishi-Yokohama
Nisshin,日進,Nisshin
Nittaki,日立木,Nittaki
Noborito,登戸,Noborito
Nobukata,延方,Nobukata
Nogi,野木,Nogi
Nogizaka,乃木坂,Nogizaka
Nokendai,能見台,Nōkendai
Nozaki,野崎,Nozaki
Numazu,沼津,Numazu
Oami,大網,Oami
Obitsu,小櫃,Obitsu
Ochanomizu,御茶ノ水,Ochanomizu
Ochiai,落合,Ochiai
OchiaiMinamiNagasaki,落合南長崎,Ochiai-minami-nagasaki
Odai,小台,Odai
Odaka,小高,Odaka
Odasakae,小田栄,Odasakae
Odawara,小田原,Odawara
Odoriba,踊場,Odoriba
Ofuna,大船,Ofuna
Ogawamachi,小川町,Ogawamachi
Ogikubo,荻窪,Ogikubo
Ogimachi,扇町,Ogimachi
OgiOhashi,扇大橋,Ogi-ohashi
Ogitsu,小木津,Ogitsu
Ogose,越生,Ogose
Oguchi,大口,Oguchi
Ohara,大原,Ohara
OiKeibajoMae,大井競馬場前,Ōi Keibajō Mae
Oimachi,大井町,Oimachi
Oiso,大磯,Oiso
Oji,王子,Oji
OjiEkimae,王子駅前,Oji-ekimae
OjiKamiya,王子神谷,Oji-kamiya
Ojima,大島,Ojima
Okabe,岡部,Okabe
Okachimachi,御徒町,Okachimachi
Okamoto,岡本,Okamoto
Okawa,大川,Okawa
Okegawa,桶川,Okegawa
Oku,尾久,Oku
Okubo,大久保,Okubo
Okuma,逢隈,Ōkuma
Okusawa,奥沢,Okusawa
OkuTama,奥多摩,Oku-Tama
Ome,青梅,Ome
Omigawa,小見川,Omigawa
Omika,大甕,Omika
Omiya,大宮,Omiya
Omokagebashi,面影橋,Omokagebashi
Omori,大森,Omori
Omorikaigan,大森海岸,Ōmorikaigan
Omorimachi,大森町,Ōmorimachi
OmoteSando,表参道,Omote-sando
Onarimon,御成門,Onarimon
Onjuku,御宿,Onjuku
Ono,大野,Ono
Onuki,大貫,Onuki
Oppama,追浜,Oppama
Orihara,折原,Orihara
Osaki,大崎,Osaki
Oshiage,押上,Oshiage
Otemachi,大手町,Otemachi
Oto,大戸,Oto
Otorii,大鳥居,Ōtorii
Otsuka,大塚,Otsuka
OtsukaEkimae,大塚駅前,Otsuka-ekimae
OtsukaTeikyoDaigaku,大塚・帝京大学,Otsuka-Teikyo-Daigaku
Otsuki,大月,Ōtsuki
Otsuko,大津港,Otsuko
Oyama,小山,Oyama
Ozaku,小作,Ozaku
Rifu,利府,Rifu
Rokucho,六町,Rokuchō
Rokugodote,六郷土手,Rokugōdote
Roppongi,六本木,Roppongi
RoppongiItchome,六本木一丁目,Roppongi-itchome
Ryogoku,両国,Ryogoku
Ryokuentoshi,緑園都市,Ryokuentoshi
Ryugasakishi,龍ケ崎市,Ryugasakishi
RyutsuCenter,流通センター,Ryūtsū Center
Sagamihara,相模原,Sagamihara
Sagamino,さがみ野,Sagamino
SagamiOno,相模大野,Sagami-Ono
SagamiOtsuka,相模大塚,Sagami-Otsuka
Saginuma,鷺沼,Saginuma
SaitamaShintoshin,さいたま新都心,Saitama-Shintoshin
Sakaecho,栄町,Sakaecho
Sakamoto,坂元,Sakamoto
Sakura,佐倉,Sakura
Sakuradamon,桜田門,Sakuradamon
Sakuragicho,桜木町,Sakuragicho
Sakurajosui,桜上水,Sakurajōsui
Sakurakaido,桜街道,Sakurakaido
Samezu,鮫洲,Samezu
Samukawa,寒川,Samukawa
Sanukimachi,佐貫町,Sanukimachi
Saruda,猿田,Saruda
Sasagawa,笹川,Sasagawa
Sasazuka,笹塚,Sasazuka
Sashiogi,指扇,Sashiogi
Sawa,佐和,Sawa
Sawai,沢井,Sawai
Sawara,佐原,Sawara
Seibijo,整備場,Seibijō
SeibuChichibu,西武秩父,Seibu-Chichibu
SeijogakuenMae,成城学園前,Seijogakuen-mae
Sendagaya,千駄ケ谷,Sendagaya
Sendagi,千駄木,Sendagi
Sendai,仙台,Sendai
Sengakuji,泉岳寺,Sengakuji
Sengoku,千石,Sengoku
Senkawa,千川,Senkawa
Seya,瀬谷,Seya
Shake,社家,Shake
ShakujiiKoen,石神井公園,Shakujii-kōen
Shibakoen,芝公園,Shibakoen
ShibasakiTaiikukan,柴崎体育館,Shibasaki-Taiikukan
ShibayamaChiyoda,芝山千代田,Shibayama-Chiyoda
Shibuya,渋谷,Shibuya
Shiishiba,椎柴,Shiishiba
Shiki,志木,Shiki
Shimbamba,新馬場,Shimbamba
Shimbashi,新橋,Shimbashi
Shimmachi,新町,Shimmachi
ShimMaebashi,新前橋,Shin-Maebashi
ShimMatsudo,新松戸,Shim-Matsudo
ShimMisato,新三郷,Shim-Misato
ShimMobara,新茂原,Shim-Mobara
Shimo,志茂,Shimo
Shimogori,下郡,Shimogori
Shimoiida,下飯田,Shimoiida
Shimomizo,下溝,Shimomizo
Shimonagaya,下永谷,Shimonagaya
ShimosaKozaki,下総神崎,Shimosa-Kozaki
ShimosaManzaki,下総松崎,Shimosa-Manzaki
ShimosaNakayama,下総中山,Shimosa-Nakayama
ShimosaTachibana,下総橘,Shimosa-Tachibana
ShimosaToyosato,下総豊里,Shimosa-Toyosato
ShimuraSakaue,志村坂上,Shimura-sakaue
ShimuraSanchome,志村三丁目,Shimura-sanchome
Shinagawa,品川,Shinagawa
ShinagawaSeaside,品川シーサイド,Shinagawa Seaside
ShinAkitsu,新秋津,Shin-Akitsu
Shinanomachi,信濃町,Shinanomachi
Shinchi,新地,Shinchi
ShinEgota,新江古田,Shin-egota
ShinItabashi,新板橋,Shin-itabashi
Shinjuku,新宿,Shinjuku
ShinjukuGyoemmae,新宿御苑前,Shinjuku-gyoemmae
ShinjukuNishiguchi,新宿西口,Shinjuku-nishiguchi
ShinjukuSanchome,新宿三丁目,Shinjuku-sanchome
ShinKawasaki,新川崎,Shin-Kawasaki
ShinKemigawa,新検見川,Shin-Kemigawa
ShinKiba,新木場,Shin-kiba
ShinKodaira,新小平,Shin-Kodaira
ShinKoenji,新高円寺,Shin-koenji
ShinKoiwa,新小岩,Shin-Koiwa
ShinKoshinzuka,新庚申塚,Shin-koshinzuka
ShinKoyasu,新子安,Shin-Koyasu
ShinNakano,新中野,Shin-nakano
ShinNarashino,新習志野,Shin-Narashino
ShinNihombashi,新日本橋,Shin-Nihombashi
ShinOchanomizu,新御茶ノ水,Shin-ochanomizu
ShinOkachimachi,新御徒町,Shin-okachimachi
ShinOkubo,新大久保,Shin-Okubo
Shinonome,東雲,Shinonome
Shinotsu,新大津,Shin-ōtsu
ShinOtsuka,新大塚,Shin-otsuka
Shinozaki,篠崎,Shinozaki
ShinrinKoen,森林公園,Shinri-kōen
ShinSeibijo,新整備場,Shin Seibijō
ShinShibaura,新芝浦,Shin-Shibaura
ShinShiraoka,新白岡,Shin-Shiraoka
ShinSugita,新杉田,Shin-Sugita
ShinTakashimadaira,新高島平,Shin-takashimadaira
Shintomicho,新富町,Shintomicho
ShinUrayasu,新浦安,Shin-Urayasu
ShinYahashira,新八柱,Shin-Yahashira
ShinYokohama,新横浜,Shin-Yokohama
Shiodome,汐留,Shiodome
Shioiri,汐入,Shioiri
Shiomi,潮見,Shiomi
Shiraoka,白岡,Shiraoka
Shirokanedai,白金台,Shirokanedai
ShirokaneTakanawa,白金高輪,Shirokane-takanawa
Shiromaru,白丸,Shiromaru
Shisui,酒々井,Shisui
Shitte,尻手,Shitte
Shonandai,湘南台,Shonandai
Showa,昭和,Showa
Showajima,昭和島,Shōwajima
Shukugawara,宿河原,Shukugawara
Shuzenji,修善寺,Shuzenji
Sobudaishita,相武台下,Sobudaishita
Sodegaura,袖ケ浦,Sodegaura
Soga,蘇我,Soga
Soma,相馬,Soma
Suehirocho,末広町,Suehirocho
Suetsugi,末続,Suetsugi
Sugamo,巣鴨,Sugamo
Sugamoshinden,巣鴨新田,Sugamoshinden
Sugita,杉田,Sugita
Suidobashi,水道橋,Suidobashi
Suigo,水郷,Suigo
Suitengumae,水天宮前,Suitengumae
Sumiyoshi,住吉,Sumiyoshi
SunagawaNanaban,砂川七番,Sunagawa-Nanaban
Suzukicho,鈴木町,Suzukichō
Suzumenomiya,雀宮,Suzumenomiya
Tabata,田端,Tabata
Tachiaigawa,立会川,Tachiaigawa
Tachihi,立飛,Tachihi
Tachikawa,立川,Tachikawa
TachikawaKita,立川北,Tachikawa-Kita
TachikawaMinami,立川南,Tachikawa-Minami
Taishido,太子堂,Taishidō
Taito,太東,Taito
Takadanobaba,高田馬場,Takadanobaba
Takahagi,高萩,Takahagi
Takahama,高浜,Takahama
Takahatafudo,高幡不動,Takahatafudo
Takamatsu,高松,Takamatsu
Takanawadai,高輪台,Takanawadai
TakanawaGateway,高輪ゲートウェイ,Takanawa Gateway
Takao,高尾,Takao
Takaosanguchi,高尾山口,Takaosanguchi
Takaracho,宝町,Takaracho
Takasaki,高崎,Takasaki
Takashimacho,高島町,Takashimacho
Takashimadaira,高島平,Takashimadaira
Takata,高田,Takata
Takebashi,竹橋,Takebashi
Takenotsuka,竹ノ塚,Takenotsuka
Takeoka,竹岡,Takeoka
Takezawa,竹沢,Takezawa
TakinogawaItchome,滝野川一丁目,Takinogawa-itchome
TamaCenter,多摩センター,Tama Center
Tamachi,田町,Tamachi
TamaDobutsukoen,多摩動物公園,Tama-Dobutsukoen
TamagawaJosui,玉川上水,Tamagawa-Josui
TameikeSanno,溜池山王,Tameike-sanno
Tansho,丹荘,Tansho
Tateba,立場,Tateba
Tatekoshi,館腰,Tatekoshi
Tateyama,館山,Tateyama
Tatsumi,辰巳,Tatsumi
Tatsuta,竜田,Tatsuta
Taura,田浦,Taura
Tawarada,俵田,Tawarada
Tawaramachi,田原町,Tawaramachi
Tenkubashi,天空橋,Tenkūbashi
Tennocho,天王町,Tennocho
Tennodai,天王台,Tennodai
TennozuIsle,天王洲アイル,Tennōzu Isle
Tobe,戸部,Tobe
TobuDobutsuKoen,東武動物公園,Tōbu-Dōbutsu-Kōen
TobuNikko,東武日光,Tōbu-Nikkō
Tochomae,都庁前,Tochomae
Toda,戸田,Toda
Todaimae,東大前,Todaimae
TodaKoen,戸田公園,Toda-Koen
TodenZoshigaya,都電雑司ヶ谷,Toden-zoshigaya
Togane,東金,Togane
Togoshi,戸越,Togoshi
Tokai,東海,Tokai
Tokaichiba,十日市場,Tokaichiba
Toke,土気,Toke
Tokorozawa,所沢,Tokorozawa
Tokyo,東京,Tokyo
TokyoTeleport,東京テレポート,Tokyo Teleport
Tomioka,富岡,Tomioka
Tomiura,富浦,Tomiura
Tomobe,友部,Tomobe
Toneri,舎人,Toneri
ToneriKoen,舎人公園,Toneri-koen
Torami,東浪見,Torami
Toranomon,虎ノ門,Toranomon
ToranomonHills,虎ノ門ヒルズ,Toranomon-hills
Toride,取手,Toride
Toro,土呂,Toro
Toshimaen,豊島園,Toshimaen
Totsuka,戸塚,Totsuka
Toyocho,東陽町,Toyocho
Toyoda,豊田,Toyoda
ToyoKatsutadai,東葉勝田台,Tōyō-Katsutadai
Toyosu,豊洲,Toyosu
Tsuchiura,土浦,Tsuchiura
Tsudanuma,津田沼,Tsudanuma
Tsudayama,津田山,Tsudayama
Tsuga,都賀,Tsuga
Tsujido,辻堂,Tsujido
Tsukiji,築地,Tsukiji
Tsukijishijo,築地市場,Tsukijishijo
Tsukishima,月島,Tsukishima
Tsukuba,つくば,Tsukuba
Tsukuihama,津久井浜,Tsukuihama
Tsurugamine,鶴ヶ峰,Tsurugamine
Tsurumi,鶴見,Tsurumi
TsurumiIchiba,鶴見市場,Tsurumi-ichiba
Tsurumiono,鶴見小野,Tsurumiono
TsuzukiFureainooka,都筑ふれあいの丘,Tsuzuki-Fureainooka
Ubara,鵜原,Ubara
Uchigo,内郷,Uchigo
Uchihara,内原,Uchihara
Uchisaiwaicho,内幸町,Uchisaiwaicho
Ueda,植田,Ueda
Ueno,上野,Ueno
UenoHirokoji,上野広小路,Ueno-hirokoji
UenoOkachimachi,上野御徒町,Ueno-okachimachi
Uguisudani,鶯谷,Uguisudani
Ujiie,氏家,Ujiie
Ukimafunado,浮間舟渡,Ukimafunado
Umeyashiki,梅屋敷,Umeyashiki
UmiShibaura,海芝浦,Umi-Shibaura
Uraga,浦賀,Uraga
Urawa,浦和,Urawa
UrawaMisono,浦和美園,Urawa-Misono
Urayasu,浦安,Urayasu
Usami,宇佐美,Usami
UshigomeKagurazaka,牛込神楽坂,Ushigome-kagurazaka
UshigomeYanagicho,牛込柳町,Ushigome-yanagicho
Ushihama,牛浜,Ushihama
Ushiku,牛久,Ushiku
Utsunomiya,宇都宮,Utsunomiya
Wadamachi,和田町,Wadamachi
Wadaura,和田浦,Wadaura
Wakabadai,若葉台,Wakabadai
WakamatsuKawada,若松河田,Wakamatsu-kawada
Wakoshi,和光市,Wakoshi
Warabi,蕨,Warabi
Waseda,早稲田,Waseda
Watari,亘理,Watari
Yabe,矢部,Yabe
Yachimata,八街,Yachimata
YachiyoMidorigaoka,八千代緑が丘,Yachiyo-Midorigaoka
Yagawa,矢川,Yagawa
Yaho,谷保,Yaho
Yaita,矢板,Yaita
Yako,矢向,Yako
Yamashita,山下,Yamashita
Yamate,山手,Yamate
Yamato,大和,Yamato
Yanokuchi,矢野口,Yanokuchi
Yashio,八潮,Yashio
Yatsumi,八積,Yatsumi
Yawatajuku,八幡宿,Yawatajuku
Yayoidai,弥生台,Yayoidai
Yazaike,谷在家,Yazaike
Yodo,用土,Yodo
Yokaichiba,八日市場,Yokaichiba
Yokodai,洋光台,Yokodai
Yokohama,横浜,Yokohama
Yokoshiba,横芝,Yokoshiba
Yokosuka,横須賀,Yokosuka
YokosukaChuo,横須賀中央,Yokosuka-chūō
Yokota,横田,Yokota
Yono,与野,Yono
YonoHommachi,与野本町,Yono-Hommachi
Yonomori,夜ノ森,Yonomori
Yorii,寄居,Yorii
Yoshikawa,吉川,Yoshikawa
Yoshikawaminami,吉川美南,Yoshikawaminami
Yoshinocho,吉野町,Yoshinocho
Yotsukaido,四街道,Yotsukaido
Yotsukura,四ツ倉,Yotsukura
Yotsuya,四ツ谷,Yotsuya
YotsuyaSanchome,四谷三丁目,Yotsuya-sanchome
Yoyogi,代々木,Yoyogi
YoyogiKoen,代々木公園,Yoyogi-koen
YoyogiUehara,代々木上原,Yoyogi-uehara
YrpNobi,YRP野比,YRP Nobi
Yugawara,湯河原,Yugawara
Yumegaoka,ゆめが丘,Yumegaoka
Yumoto,湯本,Yumoto
Yurakucho,有楽町,Yurakucho
Yushima,湯島,Yushima
Zoshigaya,雑司が谷,Zoshigaya
Zoshiki,雑色,Zōshiki
Zushi,逗子,Zushi
ZushiHayama,逗子・葉山,Zushi·Hayama
